Workbook

Sheet Dashboard_Index
B2: IJC FOUR-MODE JUDICIAL KNOWLEDGE ARCHITECTURE & REPOSITORY INDEX (v5.0)
B3: Domain-Agnostic • Multi-Chamber • Evidence-First • Forensic Provenance • Human Verification • GEO Q&A • Knowledge Graph
B5: MODE 1 — BHT KNOWLEDGE | D5: MODE 2 — TRIAL KNOWLEDGE | F5: MODE 3 — CASSATION TRIAGE | H5: MODE 4 — JUDICIAL LEARNING | J5: TOTAL KNOWLEDGE OBJECTS
B6: =COUNTIF(Master_Knowledge_Objects!D5:D12, "*MODE 1*") -> 2 | D6: =COUNTIF(Master_Knowledge_Objects!D5:D12, "*MODE 2*") -> 2 | F6: =COUNTIF(Master_Knowledge_Objects!D5:D12, "*MODE 3*") -> 2 | H6: =COUNTIF(Master_Knowledge_Objects!D5:D12, "*MODE 4*") -> 2 | J6: =COUNTA(Master_Knowledge_Objects!B5:B12) -> 8
B7: Final & Binding Cases (Inkracht) | D7: Pending First Instance Trials | F7: Law vs Fact Initial Pemilahan | H7: Training, Modules & E-Learning | J7: Universal Multi-Chamber Registry
B9: SYSTEM INTEGRITY & KNOWLEDGE METRICS | F9: IJC ARCHITECTURE SYSTEM NAVIGATION
B10: Metric Component | C10: Operational Count | D10: Target / Integrity Benchmark | F10: Tab / Workspace Name | G10: Primary Architectural Function | H10: Standards & Guidelines Applied
B11: Total Atomic Claims Mapped | C11: =COUNTA(Atomic_Claims_Graph!B5:B13) -> 9 | D11: 100% Linked to Evidence Objects | F11: Master_Knowledge_Objects | G11: Universal Four Modes Registry & Epistemic Boundaries | H11: IJC KO v5.0 Domain-Agnostic Standard
B12: Verified Forensic Evidence Items | C12: =COUNTA(Evidence_Provenance!B5:B14) -> 10 | D12: SHA-256 Bitstream Integrity Baseline | F12: Evidence_Provenance | G12: Raw vs Derived Evidence & SHA-256 Hashes | H12: NIST SP 800-86, FIPS 180-4, SWGDE 2025
B13: Quality Gate Pass Rate | C13: =TEXT(COUNTIF(Verification_QualityGate!G5:G14, "PASS")/COUNTA(Verification_QualityGate!G5:G14), "0,0%") -> 100% | D13: Zero Hallucination Quality Standard | F13: Atomic_Claims_Graph | G13: 15 Decomposed Claim Types & Knowledge Graph Edges | H13: Bidirectional Claim-Evidence Graph
B14: GEO Natural Language Queries Ready | C14: =COUNTA(GEO_QA_Triage!B5:B12) -> 8 | D14: Zero Hallucination Traceability | F14: GEO_QA_Triage | G14: Question of Law vs Fact Triage & Citations | H14: KUHAP 2025 Ps 235 & 242, GEO Engine
B15: Verified Knowledge Grapher | C15: Cecep Mustafa | D15: Human-in-the-Loop Verified Gatekeeper | F15: Verification_QualityGate | G15: Human-in-the-Loop & Stopping Rule Audit | H15: Pass/Review/Insufficient Gate Model
B16: Judicial Chambers & Domains Supported | C16: =COUNTA(v5_Reference_Standards!C5:C9) & " Chambers (" & COUNTA(v5_Reference_Standards!D5:D27) & " Domains)" -> 5 Chambers (23 Domains) | D16: Domain-Agnostic Universal Architecture | F16: v5_Reference_Standards | G16: Multi-Chamber Taxonomies & Epistemic Standards | H16: IJC Master Prompt v5.0 Authoritative Standard
B17: Interactive Applications Active | C17: 1 App (Mode 3) | D17: Cassation Triage & Non-Binding Judex Juris Gate | F17: Cassation_Triage_App | G17: Interactive Cassation Triage Application & Docket Dossier Generator | H17: Mode 3 Non-Binding Decision Support Standard (IJC KO v5.0 §13)

Sheet v5_Reference_Standards
B2: IJC v5.0 DOMAIN-AGNOSTIC JUDICIAL KNOWLEDGE TAXONOMY & REFERENCE STANDARDS
B3: Master Schema Definitions: Multi-Chamber Domains • Epistemic Boundaries • 15 Claim Types • Evidence Integrity • Quality Gates • Graph Relationships
B4: Operational Mode (Sec. 1) | C4: Judicial Chamber (Sec. 2) | D4: Judicial Subdomain (Sec. 2) | E4: Epistemic Claim Type (Sec. 6) | F4: Evidence Status & Epistemic Boundary (Sec. 7) | G4: Quality Gate & Safeguards (Sec. 22) | H4: Knowledge Graph Relationship (Sec. 11)
B5: MODE 1 — BHT KNOWLEDGE | C5: PIDANA | D5: Pidana Umum | E5: FACT | F5: OBSERVED | G5: PASS | H5: APPLIES
B6: MODE 2 — TRIAL KNOWLEDGE | C6: PERDATA | D6: Pidana Khusus | E6: ALLEGATION | F6: INFERRED | G6: NEEDS REVIEW | H6: INTERPRETS
B7: MODE 3 — CASSATION TRIAGE | C7: AGAMA | D7: Cybercrime | E7: ARGUMENT | F7: VERIFIED | G7: INSUFFICIENT EVIDENCE | H7: CITES
B8: MODE 4 — JUDICIAL LEARNING | C8: MILITER | D8: Corruption (Tipikor) | E8: LEGAL_RULE | F8: DISPUTED | G8: PUBLIC | H8: FOLLOWS
C9: TUN | D9: Narcotics | E9: PROCEDURAL_RULE | F9: UNKNOWN | G9: INTERNAL | H9: DISTINGUISHES
C10: PAJAK | D10: Money Laundering (TPPU) | E10: JUDICIAL_FINDING | F10: Established Fact | G10: RESTRICTED | H10: RELATED_TO
C11: PERSAINGAN USAHA | D11: Perdata Umum | E11: JUDICIAL_REASONING | F11: Supported Inference | G11: CONFIDENTIAL | H11: SIMILAR_TO
D12: Perdata Khusus | E12: HOLDING | F12: Disputed Allegation | G12: SENSITIVE | H12: CONTRASTS_WITH
D13: Bankruptcy (Kepailitan & PKPU) | E13: RATIO | F13: Not Established / Unknown | G13: Decision Support Only | H13: DERIVED_FROM
D14: Industrial Relations (PHI) | E14: PRACTICE | G14: Non-Binding Triage | H14: SUPPORTS
D15: Intellectual Property (HAKI) | E15: POLICY | G15: No Outcome Prediction | H15: CHALLENGES
D16: Competition Law (KPPU) | E16: COMPARATIVE | G16: Human Review Required | H16: IMPLEMENTS
D17: Perkawinan | E17: INFERENCE | G17: Verified Gatekeeper | H17: REPLACES
D18: Waris | E18: OPINION | G18: Zero Hallucination Traceability | H18: COMPARED_WITH
D19: Wakaf & Hibah | E19: UNKNOWN | G19: Evidence-First Pipeline | H19: TEACHES
D20: Ekonomi Syariah
D21: Jinayah Aceh
D22: Pidana Militer
D23: Military Judicial Procedure
D24: Administrative Disputes (Sengketa TUN)
D25: Government Decisions / Actions
D26: Tax Disputes (Pengadilan Pajak)
D27: Domain-Agnostic / Future Extension

Sheet Master_Knowledge_Objects
B2: IJC UNIVERSAL JUDICIAL KNOWLEDGE OBJECT REGISTRY (v5.0)
B3: Multi-Chamber (Pidana, Perdata, Agama, Militer, TUN) • Operational Modes 1-4 • Epistemic Boundaries • Human Verification
B4: Knowledge ID | C4: Knowledge Title | D4: Operational Mode | E4: Chamber | F4: Domain / Subdomain | G4: Primary Entity | H4: Entity Type | I4: Jurisdiction / Institution | J4: Case / File Reference | K4: Source-Derived Definition | L4: Established (Proven Fact) | M4: Supported Inference | N4: Unknown / Not Established | O4: Confidentiality | P4: AI-Readiness | Q4: Review Status | R4: Knowledge Grapher | S4: Verified At
B5: IJC-BHT-001 | C5: Pembuktian Integritas File Melalui Cryptographic Hash SHA-256 | D5: MODE 1 — BHT KNOWLEDGE | E5: PIDANA | F5: Pidana Khusus / Cybercrime | G5: Cryptographic Hash & Integrity Baseline | H5: Forensic Procedure | I5: Indonesia (Mahkamah Agung RI) | J5: Putusan No. 45/Pid.Sus/2026/PN.Jkt.Pst (BHT) | K5: Message digest 256-bit untuk memvalidasi konsistensi data bit-per-bit sejak baseline akuisisi (NIST FIPS 180-4 / Bab 4-5). | L5: Integritas bit data tidak berubah sejak baseline hash dicatat. | M5: Forensic image identik dengan bitstream saat akuisisi. | N5: Kebenaran isi file, motif pelaku, atau legalitas cara perolehan. | O5: PUBLIC | P5: AI-Ready (Traceable) | Q5: PASS | R5: Cecep Mustafa | S5: 46283
B6: IJC-TRL-002 | C6: Pemeriksaan Modus Voice Cloning & Impersonasi Transfer Dana | D6: MODE 2 — TRIAL KNOWLEDGE | E6: PIDANA | F6: Pidana Khusus / Cybercrime | G6: Voice Cloning Vishing | H6: Cyber Crime Modus | I6: PN Jakarta Pusat | J6: Perkara No. 112/Pid.Sus/2026 (Sedang Berjalan) | K6: Sintesis suara tiruan menggunakan model generatif untuk memanipulasi kepercayaan otoritas finansial (Bab 2 & 6). | L6: Panggilan suara masuk tercatat pada Call Detail Record & transfer dana Rp480jt terjadi. | M6: Representasi suara mengarahkan staf melakukan pemindahan dana darurat. | N6: Identitas operator sistem sintesis suara dan penguasaan rekening mule. | O6: RESTRICTED | P6: Decision Support Only | Q6: NEEDS REVIEW | R6: Cecep Mustafa | S6: 46283
B7: IJC-CAS-003 | C7: Pemilahan Kasasi: Keabsahan Akuisisi Bukti Elektronik vs Penilaian Fakta | D7: MODE 3 — CASSATION TRIAGE | E7: PIDANA | F7: Pidana Khusus / Hukum Acara | G7: Electronic Evidence Admissibility (UU ITE & KUHAP 2025) | H7: Legal Rule & Triage | I7: MA RI - Kamar Pidana | J7: Berkas Kasasi No. 89 K/Pid.Sus/2026 | K7: Pengujian hukum Pasal 5-6 UU ITE & Pasal 235-242 KUHAP baru: pembedaan syarat keabsahan bukti elektronik dari fakta. | L7: Ekstraksi log diperoleh tanpa berita acara penyitaan dan tanpa izin penggeledahan. | M7: Potensi pelanggaran due process of law dalam akuisisi bukti digital. | N7: Apakah pelanggaran akuisisi membatalkan seluruh konstruksi dakwaan penipuan. | O7: INTERNAL | P7: Non-Binding Triage | Q7: NEEDS REVIEW | R7: Cecep Mustafa | S7: 46283
B8: IJC-LRN-004 | C8: Modul Pengujian Deepfake di Persidangan: 7 Pertanyaan Dasar Hakim | D8: MODE 4 — JUDICIAL LEARNING | E8: PIDANA | F8: Yudisial Siber & Hukum Pembuktian | G8: Judicial Deepfake Examination Protocol | H8: Judicial Practice & Training | I8: Pusdiklat Teknis Peradilan MA | J8: Modul Diklat Hakim Siber-AI 2026 | K8: Kerangka uji komprehensif hakim terhadap alat bukti sintetis: Sumber, Perolehan, Sistem, Integritas, Reprodusibilitas, Koroborasi, Limitasi. | L8: Deepfake detector score 0,94 tidak sama dengan 94% kepastian hukum kesalahan terdakwa. | M8: Pemeriksaan frame-by-frame dan verifikasi CCTV independen mereduksi risiko bias detector. | N8: Generalisasi detector terhadap video terkompresi tanpa validasi dataset pembanding. | O8: PUBLIC | P8: AI-Ready (Educational) | Q8: PASS | R8: Cecep Mustafa | S8: 46283
B9: IJC-BHT-005 | C9: Standar Pemisahan Raw Evidence dan Derived Evidence dalam Forensik | D9: MODE 1 — BHT KNOWLEDGE | E9: PIDANA | F9: Pidana Khusus / Forensik Digital | G9: Evidence Preservation & Provenance | H9: Forensic Standard | I9: Indonesia (Mahkamah Agung RI) | J9: Putusan No. 78/Pid.B/2026/PN.Bdg (BHT) | K9: Prinsip pemisahan permanen antara bukti asli (raw) dan hasil olahan (normalized, transkrip, enhancement, AI-analyzed) untuk auditability. | L9: File raw forensic image disimpan read-only dengan SHA-256 baseline terverifikasi. | M9: Hasil transkrip AI speech-to-text dapat diaudit ulang ke rekaman audio sumber. | N9: Kebenaran narasi transkrip jika rekaman sumber mengalami kerusakan sektor. | O9: PUBLIC | P9: AI-Ready (Traceable) | Q9: PASS | R9: Cecep Mustafa | S9: 46283
B10: IJC-TRL-006 | C10: Korelasi Multi-Artefak Phishing-to-Account Takeover | D10: MODE 2 — TRIAL KNOWLEDGE | E10: PIDANA | F10: Pidana Khusus / Cybercrime | G10: Account Takeover (ATO) & Session Hijacking | H10: Investigation Methodology | I10: PN Surabaya | J10: Perkara No. 204/Pid.Sus/2026 | K10: Pengambilalihan kendali akun melalui pencurian session cookie atau relay OTP tanpa modifikasi password akun asal (Bab 3). | L10: Sesi web login baru aktif dari IP eksternal 4 menit setelah tautan phishing dibuka korban. | M10: Pencurian session cookie melewati proteksi MFA. | N10: Identitas fisik individu pengendali IP exit proxy. | O10: RESTRICTED | P10: Decision Support Only | Q10: NEEDS REVIEW | R10: Cecep Mustafa | S10: 46283
B11: IJC-CAS-007 | C11: Pemilahan Kasasi: Penilaian Kualifikasi Ahli AI & Reprodusibilitas Metodologi | D11: MODE 3 — CASSATION TRIAGE | E11: PIDANA | F11: Pidana Khusus / Pembuktian Ilmiah | G11: AI Expert Testimony & Scientific Reliability | H11: Procedural Rule & Triage | I11: MA RI - Kamar Pidana | J11: Berkas Kasasi No. 142 K/Pid.Sus/2026 | K11: Kewajiban hakim sebagai gatekeeper menguji reprodusibilitas model AI, versi build, dataset kalibrasi, serta batasan error rate. | L11: Laporan ahli tidak menyertakan versi model detektor dan dataset evaluasi kalibrasi. | M11: Metodologi analisis AI tidak memenuhi standar reprodusibilitas forensik SWGDE. | N11: Apakah ketiadaan versi model disebabkan oleh sifat model proprietary tertutup. | O11: INTERNAL | P11: Non-Binding Triage | Q11: NEEDS REVIEW | R11: Cecep Mustafa | S11: 46283
B12: IJC-LRN-008 | C12: Pedoman Penghentian Investigasi (Professional Stopping Rule) & Privasi Data | D12: MODE 4 — JUDICIAL LEARNING | E12: PIDANA | F12: Etika Yudisial & Privasi Data | G12: Professional Stopping Rule & PDP Compliance | H12: Ethics & Compliance | I12: Pusdiklat MA & Kemenkumham RI | J12: Panduan Teknis Investigasi Siber 2026 | K12: Kewajiban menghentikan eksploitasi data digital ketika target melampaui surat tugas, menemukan data anak, atau melanggar UU PDP No. 27/2022. | L12: Penyidik dilarang mencoba kredensial aktif yang ditemukan di forum terbuka tanpa otorisasi sah. | M12: Pencegahan mission creep melindungi integritas pembuktian di sidang pengadilan. | N12: Batas waktu retensi seragam untuk seluruh kategori bukti elektronik. | O12: PUBLIC | P12: AI-Ready (Institutional) | Q12: PASS | R12: Cecep Mustafa | S12: 46283
B13: IJC-CAS-009 | C13: Pemilahan Kasasi: Penerapan Syarat Formil PKPU vs Penilaian Insolvensi Debitur | D13: MODE 3 — CASSATION TRIAGE | E13: PERDATA | F13: Perdata Khusus / Bankruptcy | G13: Insolvency Threshold & Due Process (UU Kepailitan & PKPU) | H13: Legal Rule & Triage | I13: MA RI - Kamar Perdata | J13: Berkas Kasasi No. 315 K/Pdt.Sus-Pailit/2026 | K13: Pengujian judex juris terhadap pemenuhan syarat sederhana Pasal 8 ayat (4) UU 37/2004 vs pembuktian fakta utang. | L13: Debitur terbukti memiliki 2 kreditur dan 1 utang telah jatuh tempo dan dapat ditagih. | M13: Judex facti telah menerapkan hukum pembuktian secara benar tanpa melampaui kewenangan. | N13: Nilai valuasi aset likuid debitur saat permohonan PKPU didaftarkan. | O13: INTERNAL | P13: Non-Binding Triage | Q13: PASS | R13: Cecep Mustafa | S13: 46283
B14: IJC-CAS-010 | C14: Pemilahan Kasasi: Keabsahan Keputusan Pejabat Tata Usaha Negara Berbasis Algoritma | D14: MODE 3 — CASSATION TRIAGE | E14: TUN | F14: Administrative Disputes / Algorithmic Governance | G14: Automated Decision Making (AUPB & UU AP) | H14: Procedural Rule & Triage | I14: MA RI - Kamar TUN | J14: Berkas Kasasi No. 54 K/TUN/2026 | K14: Uji legalitas penerbitan KTUN otomatis melalui sistem AI terhadap asas kecermatan dan motivasi (AUPB). | L14: SK Penolakan Izin diterbitkan sepenuhnya oleh sistem tanpa verifikasi manusia (zero human review). | M14: Pelanggaran asas kecermatan dan motivasi karena ketiadaan penjelasan rasional keputusan (explainability). | N14: Parameter bobot teknis algoritma internal kementerian pengembang. | O14: INTERNAL | P14: Non-Binding Triage | Q14: NEEDS REVIEW | R14: Cecep Mustafa | S14: 46283

Sheet Evidence_Provenance
B2: IJC EVIDENCE & FORENSIC PROVENANCE REGISTER
B3: Forensically Sound Audit Trail: Raw vs Derived Evidence, Cryptographic Hash Baselines, Chain of Custody & Corroboration Links
B4: Evidence ID | C4: Evidence Type | D4: Artefak / Evidence Description | E4: Epistemic Status | F4: Source System / Origin | G4: Acquisition Method | H4: SHA-256 Hash Baseline | I4: Hash Verified? | J4: Chain of Custody Record | K4: Transformation History | L4: Corroboration Link | M4: Evidentiary Limitation | N4: Verification Status
B5: IJC-EVD-001 | C5: RAW | D5: Physical Bitstream Clone SSD Workstation Procurement | E5: OBSERVED | F5: Endpoint Hardware (Internal SSD) | G5: Bitstream Physical Clone (Hardware Write-Blocker) | H5: e3b0c44298fc1c149afbf4c8996fb92427ae41e4649b934ca495991b7852b855 | I5: VERIFIED MATCH | J5: COC-2026-001: Disita Ditreskrimsus, Diserahkan Puslabfor | K5: None (Raw Bitstream) | L5: EVID-002 (Log IdP Okta) | M5: Membuktikan integritas drive; tidak membuktikan kendali fisik saat akses | N5: PASS
B6: IJC-EVD-002 | C6: NORMALIZED | D6: IdP Cloud Authentication Audit Logs (CSV Export) | E6: OBSERVED | F6: Identity Provider (Okta Cloud) | G6: API JSON Audit Log Export (TLS 1.3) | H6: 8f434346648f6b96df89dda901c5176b10a6d83961dd3c1ac88b59b2dc327aa4 | I6: VERIFIED MATCH | J6: COC-2026-002: Export disaksikan Tim IR Internal & Legal | K6: UTC Timestamps normalized to WIB (UTC+7) | L6: EVID-001 (Endpoint) | M6: Membuktikan akun login berhasil; tidak membuktikan identitas pengetik | N6: PASS
B7: IJC-EVD-003 | C7: RAW | D7: Audio Recording Panggilan Masuk Suara Direktur (WAV native) | E7: OBSERVED | F7: PBX / VoIP Recording Server | G7: Native Server Export via Legal Hold | H7: 4b227777d4dd1fc61c6f884f48641d02b4d121d3fd328cb08b5531fcacdabf8a | I7: VERIFIED MATCH | J7: COC-2026-003: Diekstrak Admin PBX dengan Hash Baseline | K7: None (Uncompressed PCM 16-bit 44.1kHz) | L7: EVID-004 (CDR Operator Telko) | M7: Membuktikan audio diterima; belum membuktikan apakah hasil AI clone | N7: PASS
B8: IJC-EVD-004 | C8: VERIFIED | D8: Call Detail Record (CDR) Operator Seluler Telekomunikasi | E8: VERIFIED | F8: Telco Provider Switching System | G8: Permintaan Resmi Penyidik (Pasal 242 KUHAP 2025) | H8: 7d793037a0760186574b0282f2f435e70d73a4451ec6e7fc64b2a0836f47b235 | I8: VERIFIED MATCH | J8: COC-2026-004: Penyerahan Resmi Divisi Regulasi Operator | K8: Data clearing house extraction | L8: EVID-003 (VoIP native) | M8: Membuktikan panggilan terhubung; Caller ID menunjukkan indikasi spoofing | N8: PASS
B9: IJC-EVD-005 | C9: AI-ANALYSED | D9: Laporan Analisis Deteksi Sintetis Deepfake Video 48 Detik | E9: INFERRED | F9: Deepfake Detection Tool Ensemble v2.4 | G9: Automated Multimodal Model Inference | H9: 12ca17b49af2289436f303e0166030a21e525d73af20108f430a6ec3a493aef8 | I9: VERIFIED MATCH | J9: COC-2026-005: Dihasilkan Laboratorium Forensik Digital | K9: Score output 0,94; segment local analysis | L9: EVID-006 (CCTV Rapat Direksi) | M9: Skor 0,94 adalah probabilitas model, bukan kepastian hukum terdakwa | N9: NEEDS REVIEW
B10: IJC-EVD-006 | C10: RAW | D10: Rekaman CCTV Ruang Rapat Direksi pada Waktu Kejadian | E10: VERIFIED | F10: CCTV Standalone DVR Hikvision | G10: Penyitaan Fisik DVR & Akuisisi Forensik Bitstream | H10: 6a5b88b010b9cd1d37b12f6e80b2a3a5b6c7d8e9f0a1b2c3d4e5f6a7b8c9d0e1 | I10: VERIFIED MATCH | J10: COC-2026-006: Segel Bukti No. 44/CCTV/2026 | K10: None (Native H.264 video stream) | L10: EVID-005 (Video Deepfake WhatsApp) | M10: Membuktikan Direktur sedang rapat fisik; membantah keterlibatan call | N10: PASS
B11: IJC-EVD-007 | C11: TRANSCRIPT | D11: Transkrip Percakapan Telepon Modus Vishing Berbantuan AI | E11: INFERRED | F11: AI Speech-to-Text Whisper-v3 + Verifikasi Manual | G11: Automated Transcribe & Investigator Ground-Truth Audit | H11: 9f86d081884c7d659a2feaa0c55ad015a3bf4f1b2b0b822cd15d6c15b0f00a08 | I11: VERIFIED MATCH | J11: COC-2026-007: Lampiran Berita Acara Pemeriksaan Saksi | K11: Audio diubah menjadi teks verbatim berstempel waktu | L11: EVID-003 (Audio WAV) | M11: Transkrip adalah derived evidence; rekaman audio tetap bukti primer | N11: PASS
B12: IJC-EVD-008 | C12: COPY | D12: Tangkapan Layar Pesan Chat WhatsApp Instruksi Transfer (PNG) | E12: DISPUTED | F12: Perangkat Seluler Saksi Korban (Samsung S23) | G12: Screenshot Layar Manual oleh Saksi Korban | H12: 5e884898da28047151d0e56f8dc6292773603d0d6aabbdd62a11ef721d1542d8 | I12: VERIFIED MATCH | J12: COC-2026-008: Diserahkan Pelapor saat LP Awal | K12: PNG Screen capture 1080x2340 | L12: EVID-009 (Export SQLite WhatsApp) | M12: Hanya memotret visual layar; rentan rekayasa nama kontak & potong pesan | N12: NEEDS REVIEW
B13: IJC-EVD-009 | C13: RAW | D13: Database Pesan Terenkripsi WhatsApp (msgstore.db.crypt14) | E13: OBSERVED | F13: Filesystem Android Internal Storage | G13: Advanced Logical ADB Backup dengan Kunci Dekripsi | H13: 2c26b46b68ffc68ff99b453c1d30413413422d706483bfa0f98a5e886266e7ae | I13: VERIFIED MATCH | J13: COC-2026-009: Akuisisi Forensik Mobile Puslabfor | K13: Terkunci kunci kriptografi private perangkat | L13: EVID-008 (Screenshot PNG) | M13: Membuktikan pesan tersimpan lokal; belum membuktikan penguasaan akun | N13: PASS
B14: IJC-EVD-010 | C14: UNKNOWN | D14: Log Alamat IP Exit Node Proxy Penyerang (185.220.101.5) | E14: UNKNOWN | F14: Tor / Commercial Bulletproof VPN Gateway | G14: Open Source SOC Threat Intelligence Feed | H14: 03ac674216f3e15c761ee1a5e255f067953623c8b388b4459e13f978d7c846f4 | I14: UNVERIFIED / PENDING | J14: COC-2026-010: Telemetri SOC Eksternal | K14: Third-party enrichment observable | L14: EVID-002 (IdP Log) | M14: Alamat IP publik bukan identitas manusia; exit node dipakai banyak pihak | N14: INSUFFICIENT EVIDENCE

Sheet Atomic_Claims_Graph
B2: IJC ATOMIC CLAIMS & KNOWLEDGE GRAPH RELATIONSHIPS
B3: Bidirectional Graph Mapping: Atomic Claims, Linked Evidence, Graph Edges & Epistemic Boundaries
B4: Claim ID | C4: Knowledge ID | D4: Atomic Claim Statement | E4: Claim Type | F4: Linked Evidence ID | G4: Evidence Integrity Status | H4: Relationship Type | I4: Target Knowledge Node | J4: Inference Boundary | K4: Verification Status | L4: Reviewer Notes
B5: IJC-CLM-0001 | C5: IJC-BHT-001 | D5: Nilai Cryptographic Hash SHA-256 membuktikan konsistensi bit stream, bukan kebenaran isi file. | E5: LEGAL_RULE | F5: IJC-EVD-001 | G5: VERIFIED MATCH | H5: APPLIES | I5: Cryptographic Hash Baseline | J5: Established Fact | K5: PASS | L5: Dikonfirmasi Putusan MA & NIST FIPS 180-4
B6: IJC-CLM-0002 | C6: IJC-BHT-001 | D6: Forensic duplicate SSD procurement terjaga utuh tanpa modifikasi stempel waktu sistem. | E6: FACT | F6: IJC-EVD-001 | G6: VERIFIED MATCH | H6: SUPPORTS | I6: Evidence Preservation | J6: Established Fact | K6: PASS | L6: Baseline hash cocok dengan hash perolehan
B7: IJC-CLM-0003 | C7: IJC-TRL-002 | D7: Instruksi transfer dana via telepon menggunakan representasi suara yang meniru direktur perusahaan. | E7: JUDICIAL_FINDING | F7: IJC-EVD-003 | G7: VERIFIED MATCH | H7: DERIVED_FROM | I7: Voice Cloning Vishing | J7: Supported Inference | K7: NEEDS REVIEW | L7: Memerlukan pembanding audio native & CDR
B8: IJC-CLM-0004 | C8: IJC-TRL-002 | D8: Panggilan vishing berasal dari nomor yang menggunakan teknik caller ID spoofing. | E8: FACT | F8: IJC-EVD-004 | G8: VERIFIED MATCH | H8: SUPPORTS | I8: VoIP Recording Server | J8: Established Fact | K8: PASS | L8: Dikonfirmasi data teknis operator seluler
B9: IJC-CLM-0005 | C9: IJC-CAS-003 | D9: Akuisisi bukti elektronik tanpa izin penggeledahan atau berita acara melanggar Pasal 235 KUHAP 2025. | E9: LEGAL_RULE | F9: IJC-EVD-002 | G9: VERIFIED MATCH | H9: APPLIES | I9: Pasal 235-242 KUHAP 2025 | J9: Established Fact | K9: NEEDS REVIEW | L9: Question of Law diajukan dalam memori kasasi
B10: IJC-CLM-0006 | C10: IJC-LRN-004 | D10: Deepfake detector score 0,94 tidak boleh dijadikan alat bukti tunggal penetapan kesalahan pidana. | E10: RATIO | F10: IJC-EVD-005 | G10: VERIFIED MATCH | H10: DISTINGUISHES | I10: Deepfake Examination Protocol | J10: Supported Inference | K10: PASS | L10: Pusdiklat MA mewajibkan 7 uji dasar hakim
B11: IJC-CLM-0007 | C11: IJC-LRN-004 | D11: Alibi fisik direktur dibuktikan secara independen oleh rekaman CCTV ruang rapat yang autentik. | E11: HOLDING | F11: IJC-EVD-006 | G11: VERIFIED MATCH | H11: CHALLENGES | I11: Video Deepfake WhatsApp | J11: Established Fact | K11: PASS | L11: Koroborasi silang membatalkan tuduhan kehadiran
B12: IJC-CLM-0008 | C12: IJC-BHT-005 | D12: Hasil transkripsi otomatis AI merupakan derived evidence yang wajib dapat dilacak ke rekaman audio raw. | E12: PROCEDURAL_RULE | F12: IJC-EVD-007 | G12: VERIFIED MATCH | H12: DERIVED_FROM | I12: Audio Native WAV | J12: Established Fact | K12: PASS | L12: Standar forensik SWGDE & Bab 5 naskah
B13: IJC-CLM-0009 | C13: IJC-TRL-006 | D13: Tangkapan layar WhatsApp tidak menjamin keutuhan riwayat obrolan tanpa database msgstore.db native. | E13: FACT | F13: IJC-EVD-008 | G13: VERIFIED MATCH | H13: RELATED_TO | I13: Account Takeover (ATO) | J13: Disputed Allegation | K13: NEEDS REVIEW | L13: Ditemukan indikasi pemotongan balon obrolan

Sheet GEO_QA_Triage
B2: IJC GEO Q&A & CASSATION TRIAGE REVERSE-CITATION ENGINE
B3: Natural Language Judicial Query Matching, Cassation Triage Pemilahan (Question of Law vs Fact) & Traceable Reverse-Citations
B4: Query ID | C4: Operational Mode | D4: Target Judicial Prompt / Question | E4: GEO Short Answer (Evidence-First) | F4: Cassation Triage Classification | G4: Linked Claim IDs | H4: Linked Evidence IDs | I4: Reverse Citation Chain | J4: Citation Readiness | K4: Judicial Safeguard & Limitation
B5: IJC-Q-0001 | C5: MODE 1 — BHT | D5: Apakah nilai hash SHA-256 yang identik otomatis membuktikan kebenaran isi dokumen atau pembuatnya? | E5: Tidak. Nilai cryptographic hash SHA-256 hanya membuktikan integritas konsistensi bit stream bahwa data tidak berubah sejak baseline dicatat, bukan kebenaran materiil isi atau identitas pembuat (Bab 4 & 5). | F5: QUESTION OF LAW | G5: IJC-CLM-0001 | H5: IJC-EVD-001 | I5: Q0001 -> CLM-0001 -> EVD-001 -> Buku Onno W. Purbo 2026, Bab 4 Hal 85 | J5: CITATION READY | K5: Membuktikan konsistensi data; tidak membuktikan niat atau legalitas perolehan.
B6: IJC-Q-0002 | C6: MODE 2 — TRIAL | D6: Apakah rekaman audio suara mirip direktur cukup untuk membuktikan tindak pidana vishing tanpa koroborasi? | E6: Tidak. Deteksi sintesis suara dan identifikasi pembicara adalah dua hal berbeda; rekaman audio wajib dikoroborasikan dengan Call Detail Record (CDR), identitas aliran dana, dan log operator (Bab 2 & 6). | F6: QUESTION OF FACT | G6: IJC-CLM-0003, IJC-CLM-0004 | H6: IJC-EVD-003, IJC-EVD-004 | I6: Q0002 -> CLM-0003 -> EVD-003,004 -> Bab 2 Hal 32 & Bab 6 Hal 122 | J6: CITATION READY | K6: Perkara yang sedang berjalan dilarang menghasilkan prediksi vonis hakim.
B7: IJC-Q-0003 | C7: MODE 3 — CASSATION TRIAGE | D7: Apakah perolehan bukti elektronik tanpa surat izin penggeledahan dan berita acara penyitaan melanggar hukum acara? | E7: Ya. Berdasarkan Pasal 235 ayat (5) dan Pasal 242 KUHAP baru (UU No. 20/2025), alat bukti elektronik yang diperoleh secara melawan hukum (unlawfully obtained) tidak memiliki kekuatan pembuktian. | F7: QUESTION OF LAW | G7: IJC-CLM-0005 | H7: IJC-EVD-002 | I7: Q0003 -> CLM-0005 -> EVD-002 -> KUHAP 2025 Ps 235 & Bab 8 Hal 180 | J7: CITATION READY | K7: Triage kasasi hanya memetakan isu penerapan hukum (Judex Juris), bukan memutus pokok perkara.
B8: IJC-Q-0004 | C8: MODE 4 — LEARNING | D8: Bagaimana hakim menguji laporan ahli AI deteksi deepfake video di persidangan? | E8: Hakim menerapkan 7 Pertanyaan Dasar: Sumber, Cara Perolehan, Sistem/Model & Versi, Integritas, Reprodusibilitas, Koroborasi Bukti Independen, dan Limitasi. Skor detektor 0,94 bukan vonis bersalah (Bab 9). | F8: NOT APPLICABLE (LEARNING) | G8: IJC-CLM-0006, IJC-CLM-0007 | H8: IJC-EVD-005, IJC-EVD-006 | I8: Q0004 -> CLM-0006 -> EVD-005,006 -> Bab 9 Hal 198 & Lampiran G | J8: CITATION READY | K8: Pedoman pelatihan yudisial Pusdiklat MA; bukan putusan kasasi mengikat.
B9: IJC-Q-0005 | C9: MODE 3 — CASSATION TRIAGE | D9: Apakah keberatan kasasi terkait hasil uji ahli deepfake merupakan Question of Law atau Fact? | E9: Jika menyangkut penilaian bobot pembuktian dan kredibilitas visual, itu adalah Question of Fact (Judex Facti). Jika menyangkut syarat keabsahan kualifikasi ahli dan ketiadaan izin, itu Question of Law (Judex Juris). | F9: MIXED / UNCLEAR | G9: IJC-CLM-0005, IJC-CLM-0006 | H9: IJC-EVD-005 | I9: Q0005 -> CLM-0005 -> EVD-005 -> Bab 8 Hal 191 & Bab 9 Hal 205 | J9: CITATION READY | K9: Triage safeguard aktif: rekomendasi klasifikasi non-binding untuk majelis hakim agung.
B10: IJC-Q-0006 | C10: MODE 1 — BHT | D10: Mengapa data olahan (derived evidence) seperti transkrip AI wajib dipisahkan dari bukti mentah (raw evidence)? | E10: Karena setiap transformasi digital berpotensi memunculkan distorsi makna. Bukti mentah harus disimpan utuh (read-only) agar proses dapat diaudit ulang secara independen (Bab 5). | F10: QUESTION OF LAW | G10: IJC-CLM-0008 | H10: IJC-EVD-007 | I10: Q0006 -> CLM-0008 -> EVD-007 -> Bab 5 Hal 106 & SWGDE 2025 | J10: CITATION READY | K10: Transkrip derived tidak boleh menggantikan rekaman primer.
B11: IJC-Q-0007 | C11: MODE 2 — TRIAL | D11: Apakah tangkapan layar percakapan WhatsApp berdiri sendiri memenuhi syarat Pasal 6 UU ITE? | E11: Tidak sepenuhnya. Screenshot adalah representasi visual yang rentan dipotong atau direkayasa; keutuhannya dijamin jika didukung rekaman database native (msgstore.db) atau data platform resmi (Bab 4 & 10). | F11: QUESTION OF FACT | G11: IJC-CLM-0009 | H11: IJC-EVD-008, IJC-EVD-009 | I11: Q0007 -> CLM-0009 -> EVD-008,009 -> Bab 4 Hal 78 & Bab 10 Hal 237 | J11: NEEDS HUMAN REVIEW | K11: Memerlukan audit forensik perangkat telepon pelapor.
B12: IJC-Q-0008 | C12: MODE 4 — LEARNING | D12: Kapan investigator siber wajib menerapkan Professional Stopping Rule? | E12: Investigator wajib segera menghentikan eksplorasi saat target melampaui surat tugas, menemukan data pribadi anak, kredensial aktif, atau ketiadaan otorisasi sah sesuai UU PDP (Bab 7). | F12: NOT APPLICABLE (LEARNING) | G12: IJC-CLM-0008 | H12: IJC-EVD-001 | I12: Q0008 -> CLM-0008 -> EVD-001 -> Bab 7 Hal 160 & UU PDP No. 27/2022 | J12: CITATION READY | K12: Kepatuhan etika profesi penegak hukum mencegah tercemarnya alat bukti.

Sheet Verification_QualityGate
B2: IJC HUMAN VERIFICATION, QUALITY GATE & STOPPING RULE AUDIT
B3: Verified Knowledge Grapher: Cecep Mustafa • Evidence-First Gatekeeper Protocol • Zero-Hallucination Audit
B4: Gate Check ID | C4: Audit Dimension | D4: Verification Standard / Requirement | E4: Operational Protocol / Test Action | F4: Review Scope | G4: Gate Status | H4: Stopping Rule Trigger Condition | I4: Knowledge Grapher | J4: Audit Sign-Off & Verification Note
B5: GATE-01 | C5: Source Traceability | D5: Setiap klaim materiil dan objek pengetahuan wajib memiliki tautan sumber primer eksplisit, bab/pasal, dan institusi penerbit. | E5: Audit tautan ke buku Onno W. Purbo 2026, UU ITE, KUHAP 2025, dan putusan resmi | F5: ALL MODES | G5: PASS | H5: Jika sumber primer tidak dapat diidentifikasi secara independen | I5: Cecep Mustafa | J5: 100% klaim tertaut pada pasal, standar SWGDE/NIST, atau bab buku referensi.
B6: GATE-02 | C6: Epistemic Boundary | D6: Wajib memisahkan secara ketat: FACT vs DATA vs EVIDENCE vs INFERENCE vs OPINION vs UNKNOWN. | E6: Periksa kolom Inference Boundary pada Master Registry dan Atomic Claims | F6: ALL MODES | G6: PASS | H6: Jika AI mengubah inferensi atau indikator teknis menjadi tuduhan pidana | I6: Cecep Mustafa | J6: Semua kesimpulan teknis memiliki batasan 'Established' vs 'Not Established'.
B7: GATE-03 | C7: Hash & Integrity Baseline | D7: Integritas bukti digital diverifikasi dengan perbandingan SHA-256 hash baseline, bukan sekadar tanda tangan administratif. | E7: Validasi nilai 64-karakter heksadesimal hash pada Evidence Register | F7: ALL MODES | G7: PASS | H7: Jika file diubah tanpa dokumentasi transformasi atau hash tidak cocok | I7: Cecep Mustafa | J7: Hash SHA-256 terbukti memverifikasi integritas bitstream tanpa klaim palsu isi.
B8: GATE-04 | C8: Chain of Custody Completeness | D8: Setiap perpindahan, penyimpanan, dan analisis bukti digital wajib memiliki nomor form CoC dan identitas petugas. | E8: Pemeriksaan riwayat transfer dan ketiadaan jeda waktu tak terjelaskan | F8: MODE 1 & 2 | G8: PASS | H8: Jika terdapat celah penguasaan barang bukti tanpa berita acara | I8: Cecep Mustafa | J8: Form CoC terpetakan dari penyitaan awal hingga penyimpanan forensik.
B9: GATE-05 | C9: AI Role & Hallucination Guard | D9: Hasil detektor/model AI dilarang dianggap sebagai kebenaran mutlak tanpa verifikasi manusia independen. | E9: Pemeriksaan 7 Uji Dasar Hakim terhadap laporan deteksi deepfake | F9: MODE 2, 3, 4 | G9: PASS | H9: Jika skor probabilitas model (misal 0,94) dikonversi menjadi vonis hukum | I9: Cecep Mustafa | J9: Human-in-the-loop ditegakkan: skor AI hanya indikator teknis pendukung.
B10: GATE-06 | C10: Professional Stopping Rule | D10: Investigasi wajib segera dihentikan apabila menemukan data anak, kredensial aktif, atau melampaui surat tugas. | E10: Pemeriksaan kepatuhan UU PDP No. 27/2022 dan batasan wewenang penyidikan | F10: MODE 2 & 4 | G10: PASS | H10: Eksploitasi data melampaui izin formal atau menyentuh kredensial aktif | I10: Cecep Mustafa | J10: Prinsip stopping rule diterapkan pada analisis OSINT dan akuisisi memori.
B11: GATE-07 | C11: GEO Reverse Citation Chain | D11: Setiap jawaban tanya-jawab alami (GEO) wajib dapat dirunut balik secara utuh: Q -> A -> Claim -> Evidence -> Source. | E11: Uji keterlacakan mundur pada tab GEO_QA_Triage | F11: ALL MODES | G11: PASS | H11: Rantai lacak balik terputus pada level klaim atau bukti | I11: Cecep Mustafa | J11: Seluruh 8 query memiliki rantai sitasi lengkap hingga referensi halaman/pasal.
B12: GATE-08 | C12: Cassation Triage Safeguard | D12: Triage berkas kasasi hanya berfungsi sebagai decision support pemilahan isu hukum vs fakta, dilarang menyarankan vonis. | E12: Audit teks ringkasan triage untuk memastikan tidak ada prediksi putusan | F12: MODE 3 (CASSATION) | G12: PASS | H12: Sistem memunculkan kalimat 'kasasi harus dikabulkan/ditolak' | I12: Cecep Mustafa | J12: Safeguard aktif: klasifikasi Question of Law vs Fact bersifat non-binding.
B13: GATE-09 | C13: Raw vs Derived Separation | D13: Bukti asli (raw) wajib disimpan dalam kondisi read-only dan dipisahkan dari hasil olahan normalisasi/transkripsi. | E13: Verifikasi struktur penyimpanan dan penandaan kategori artefak | F13: MODE 1 & 2 | G13: PASS | H13: Data olahan menimpa atau menggantikan file asli sumber | I13: Cecep Mustafa | J13: Pemisahan ketat 6 tingkatan bukti digital diterapkan secara konsisten.
B14: GATE-10 | C14: Comparative Adaptation Filter | D14: Praktik hukum komparatif tidak boleh langsung diubah menjadi rekomendasi tanpa penyesuaian regulasi nasional. | E14: Analisis kesesuaian dengan KUHAP 2025 dan UU ITE yang berlaku di Indonesia | F14: MODE 4 (LEARNING) | G14: PASS | H14: Mengadopsi standar asing tanpa menguji kompatibilitas hukum acara nasional | I14: Cecep Mustafa | J14: Setiap perbandingan hukum asing diberi catatan kendala implementasi domestik.

Sheet Chat
A1: https://share.gemini.google/mdcE11qQw4VD | D1: prompt versi 4
A2: https://share.gemini.google/Gwxc7xrVCqLb | D2: prompt versi 5
A3: https://share.gemini.google/wD066THwb77w | D3: wiki format

Sheet Cassation_Triage_App
B2: ⚖️ IJC MODE 3 — CASSATION TRIAGE & DOCKET EXAMINATION WORKSPACE
B3: ⚠️ MODE 3 DECISION-SUPPORT SAFEGUARD: Non-Binding Triage Only • Does Not Predict, Rank, or Recommend Judicial Outcome • Human-in-the-Loop Verification Required (IJC KO v5.0 §13)
B5: SELECT JUDICIAL CHAMBER | D5: TRIAGE ISSUE CLASSIFICATION | F5: SELECT DOSSIER (FILE REF) | H5: TRIAGE ENGINE STATUS & GOVERNANCE
B6: ALL CHAMBERS | D6: ALL CLASSIFICATIONS | F6: IJC-CAS-003 | H6: 🟢 LIVE CASSATION TRIAGE GATE • Human Gatekeeper: Cecep Mustafa • Safeguard: ACTIVE
B8: ACTIVE CASSATION DOCKET | E8: QUESTION OF LAW RATIO | H8: QUESTION OF FACT / MIXED | K8: EPISTEMIC GATE CLEARANCE
B9: =IF(B6="ALL CHAMBERS", COUNTIF(Master_Knowledge_Objects!D5:D25, "*MODE 3*"), COUNTIFS(Master_Knowledge_Objects!D5:D25, "*MODE 3*", Master_Knowledge_Objects!E5:E25, B6)) & " Active Dossiers" -> 4 Active Dossiers | E9: =ROUND(COUNTIF(F13:F20, "QUESTION OF LAW") / MAX(1, COUNTA(B13:B20)) * 100, 1) & "% (Judex Juris)" -> 75% (Judex Juris) | H9: =COUNTIFS(B13:B20, "<>", B13:B20, "<>No matching*", F13:F20, "<>QUESTION OF LAW") & " Issues (Judex Facti/Mixed)" -> 1 Issues (Judex Facti/Mixed) | K9: =COUNTIFS(Master_Knowledge_Objects!D5:D25, "*MODE 3*", Master_Knowledge_Objects!Q5:Q25, "PASS") & " PASS • " & COUNTIFS(Master_Knowledge_Objects!D5:D25, "*MODE 3*", Master_Knowledge_Objects!Q5:Q25, "NEEDS REVIEW") & " Needs Review" -> 1 PASS • 3 Needs Review
B11: 📂 CASSATION DOCKET TRIAGE TABLE — FILTERED DOCKET & ISSUES OF LAW (JUDEX JURIS)
B12: Knowledge ID | C12: Chamber | D12: Cassation File Reference | E12: Ground of Appeal / Knowledge Title | F12: Triage Classification | G12: Statutory & Procedural Basis | H12: Established Fact (Judex Facti) | I12: Supported Legal Inference | J12: Evidentiary Boundary / Limitation | K12: AI Safeguard | L12: Gatekeeper | M12: Gate Status | N12: Triage Recommendation
B13: =IFERROR(__xludf.DUMMYFUNCTION("IFERROR(FILTER(Master_Knowledge_Objects!B5:B25, ISNUMBER(SEARCH(""MODE 3"", Master_Knowledge_Objects!D5:D25)), IF(B6=""ALL CHAMBERS"", ROW(Master_Knowledge_Objects!B5:B25)>0, Master_Knowledge_Objects!E5:E25=B6)), ""No matching cassation records found"")"),"IJC-CAS-003") -> IJC-CAS-003 | C13: =IF(OR(B13="", B13="No matching cassation records found"), "", VLOOKUP(B13, Master_Knowledge_Objects!B5:S25, 4, FALSE)) -> PIDANA | D13: =IF(OR(B13="", B13="No matching cassation records found"), "", VLOOKUP(B13, Master_Knowledge_Objects!B5:S25, 9, FALSE)) -> Berkas Kasasi No. 89 K/Pid.Sus/2026 | E13: =IF(OR(B13="", B13="No matching cassation records found"), "", VLOOKUP(B13, Master_Knowledge_Objects!B5:S25, 2, FALSE)) -> Pemilahan Kasasi: Keabsahan Akuisisi Bukti Elektronik vs Penilaian Fakta | F13: =IF(OR(B13="", B13="No matching cassation records found"), "", IF(B13="IJC-CAS-003", "QUESTION OF LAW", IF(B13="IJC-CAS-007", "MIXED / UNCLEAR", "QUESTION OF LAW"))) -> QUESTION OF LAW | G13: =IF(OR(B13="", B13="No matching cassation records found"), "", VLOOKUP(B13, Master_Knowledge_Objects!B5:S25, 6, FALSE)) -> Electronic Evidence Admissibility (UU ITE & KUHAP 2025) | H13: =IF(OR(B13="", B13="No matching cassation records found"), "", VLOOKUP(B13, Master_Knowledge_Objects!B5:S25, 11, FALSE)) -> Ekstraksi log diperoleh tanpa berita acara penyitaan dan tanpa izin penggeledahan. | I13: =IF(OR(B13="", B13="No matching cassation records found"), "", VLOOKUP(B13, Master_Knowledge_Objects!B5:S25, 12, FALSE)) -> Potensi pelanggaran due process of law dalam akuisisi bukti digital. | J13: =IF(OR(B13="", B13="No matching cassation records found"), "", VLOOKUP(B13, Master_Knowledge_Objects!B5:S25, 13, FALSE)) -> Apakah pelanggaran akuisisi membatalkan seluruh konstruksi dakwaan penipuan. | K13: =IF(OR(B13="", B13="No matching cassation records found"), "", VLOOKUP(B13, Master_Knowledge_Objects!B5:S25, 15, FALSE)) -> Non-Binding Triage | L13: =IF(OR(B13="", B13="No matching cassation records found"), "", VLOOKUP(B13, Master_Knowledge_Objects!B5:S25, 17, FALSE)) -> Cecep Mustafa | M13: =IF(OR(B13="", B13="No matching cassation records found"), "", VLOOKUP(B13, Master_Knowledge_Objects!B5:S25, 16, FALSE)) -> NEEDS REVIEW | N13: =IF(OR(B13="", B13="No matching cassation records found"), "", IF(M13="PASS", "APPROVED FOR DOCKET", "AUDIT / REVIEW REQUIRED")) -> AUDIT / REVIEW REQUIRED
B14: =IFERROR(__xludf.DUMMYFUNCTION("""COMPUTED_VALUE"""),"IJC-CAS-007") -> IJC-CAS-007 | C14: =IF(OR(B14="", B14="No matching cassation records found"), "", VLOOKUP(B14, Master_Knowledge_Objects!B5:S25, 4, FALSE)) -> PIDANA | D14: =IF(OR(B14="", B14="No matching cassation records found"), "", VLOOKUP(B14, Master_Knowledge_Objects!B5:S25, 9, FALSE)) -> Berkas Kasasi No. 142 K/Pid.Sus/2026 | E14: =IF(OR(B14="", B14="No matching cassation records found"), "", VLOOKUP(B14, Master_Knowledge_Objects!B5:S25, 2, FALSE)) -> Pemilahan Kasasi: Penilaian Kualifikasi Ahli AI & Reprodusibilitas Metodologi | F14: =IF(OR(B14="", B14="No matching cassation records found"), "", IF(B14="IJC-CAS-003", "QUESTION OF LAW", IF(B14="IJC-CAS-007", "MIXED / UNCLEAR", "QUESTION OF LAW"))) -> MIXED / UNCLEAR | G14: =IF(OR(B14="", B14="No matching cassation records found"), "", VLOOKUP(B14, Master_Knowledge_Objects!B5:S25, 6, FALSE)) -> AI Expert Testimony & Scientific Reliability | H14: =IF(OR(B14="", B14="No matching cassation records found"), "", VLOOKUP(B14, Master_Knowledge_Objects!B5:S25, 11, FALSE)) -> Laporan ahli tidak menyertakan versi model detektor dan dataset evaluasi kalibrasi. | I14: =IF(OR(B14="", B14="No matching cassation records found"), "", VLOOKUP(B14, Master_Knowledge_Objects!B5:S25, 12, FALSE)) -> Metodologi analisis AI tidak memenuhi standar reprodusibilitas forensik SWGDE. | J14: =IF(OR(B14="", B14="No matching cassation records found"), "", VLOOKUP(B14, Master_Knowledge_Objects!B5:S25, 13, FALSE)) -> Apakah ketiadaan versi model disebabkan oleh sifat model proprietary tertutup. | K14: =IF(OR(B14="", B14="No matching cassation records found"), "", VLOOKUP(B14, Master_Knowledge_Objects!B5:S25, 15, FALSE)) -> Non-Binding Triage | L14: =IF(OR(B14="", B14="No matching cassation records found"), "", VLOOKUP(B14, Master_Knowledge_Objects!B5:S25, 17, FALSE)) -> Cecep Mustafa | M14: =IF(OR(B14="", B14="No matching cassation records found"), "", VLOOKUP(B14, Master_Knowledge_Objects!B5:S25, 16, FALSE)) -> NEEDS REVIEW | N14: =IF(OR(B14="", B14="No matching cassation records found"), "", IF(M14="PASS", "APPROVED FOR DOCKET", "AUDIT / REVIEW REQUIRED")) -> AUDIT / REVIEW REQUIRED
B15: =IFERROR(__xludf.DUMMYFUNCTION("""COMPUTED_VALUE"""),"IJC-CAS-009") -> IJC-CAS-009 | C15: =IF(OR(B15="", B15="No matching cassation records found"), "", VLOOKUP(B15, Master_Knowledge_Objects!B5:S25, 4, FALSE)) -> PERDATA | D15: =IF(OR(B15="", B15="No matching cassation records found"), "", VLOOKUP(B15, Master_Knowledge_Objects!B5:S25, 9, FALSE)) -> Berkas Kasasi No. 315 K/Pdt.Sus-Pailit/2026 | E15: =IF(OR(B15="", B15="No matching cassation records found"), "", VLOOKUP(B15, Master_Knowledge_Objects!B5:S25, 2, FALSE)) -> Pemilahan Kasasi: Penerapan Syarat Formil PKPU vs Penilaian Insolvensi Debitur | F15: =IF(OR(B15="", B15="No matching cassation records found"), "", IF(B15="IJC-CAS-003", "QUESTION OF LAW", IF(B15="IJC-CAS-007", "MIXED / UNCLEAR", "QUESTION OF LAW"))) -> QUESTION OF LAW | G15: =IF(OR(B15="", B15="No matching cassation records found"), "", VLOOKUP(B15, Master_Knowledge_Objects!B5:S25, 6, FALSE)) -> Insolvency Threshold & Due Process (UU Kepailitan & PKPU) | H15: =IF(OR(B15="", B15="No matching cassation records found"), "", VLOOKUP(B15, Master_Knowledge_Objects!B5:S25, 11, FALSE)) -> Debitur terbukti memiliki 2 kreditur dan 1 utang telah jatuh tempo dan dapat ditagih. | I15: =IF(OR(B15="", B15="No matching cassation records found"), "", VLOOKUP(B15, Master_Knowledge_Objects!B5:S25, 12, FALSE)) -> Judex facti telah menerapkan hukum pembuktian secara benar tanpa melampaui kewenangan. | J15: =IF(OR(B15="", B15="No matching cassation records found"), "", VLOOKUP(B15, Master_Knowledge_Objects!B5:S25, 13, FALSE)) -> Nilai valuasi aset likuid debitur saat permohonan PKPU didaftarkan. | K15: =IF(OR(B15="", B15="No matching cassation records found"), "", VLOOKUP(B15, Master_Knowledge_Objects!B5:S25, 15, FALSE)) -> Non-Binding Triage | L15: =IF(OR(B15="", B15="No matching cassation records found"), "", VLOOKUP(B15, Master_Knowledge_Objects!B5:S25, 17, FALSE)) -> Cecep Mustafa | M15: =IF(OR(B15="", B15="No matching cassation records found"), "", VLOOKUP(B15, Master_Knowledge_Objects!B5:S25, 16, FALSE)) -> PASS | N15: =IF(OR(B15="", B15="No matching cassation records found"), "", IF(M15="PASS", "APPROVED FOR DOCKET", "AUDIT / REVIEW REQUIRED")) -> APPROVED FOR DOCKET
B16: =IFERROR(__xludf.DUMMYFUNCTION("""COMPUTED_VALUE"""),"IJC-CAS-010") -> IJC-CAS-010 | C16: =IF(OR(B16="", B16="No matching cassation records found"), "", VLOOKUP(B16, Master_Knowledge_Objects!B5:S25, 4, FALSE)) -> TUN | D16: =IF(OR(B16="", B16="No matching cassation records found"), "", VLOOKUP(B16, Master_Knowledge_Objects!B5:S25, 9, FALSE)) -> Berkas Kasasi No. 54 K/TUN/2026 | E16: =IF(OR(B16="", B16="No matching cassation records found"), "", VLOOKUP(B16, Master_Knowledge_Objects!B5:S25, 2, FALSE)) -> Pemilahan Kasasi: Keabsahan Keputusan Pejabat Tata Usaha Negara Berbasis Algoritma | F16: =IF(OR(B16="", B16="No matching cassation records found"), "", IF(B16="IJC-CAS-003", "QUESTION OF LAW", IF(B16="IJC-CAS-007", "MIXED / UNCLEAR", "QUESTION OF LAW"))) -> QUESTION OF LAW | G16: =IF(OR(B16="", B16="No matching cassation records found"), "", VLOOKUP(B16, Master_Knowledge_Objects!B5:S25, 6, FALSE)) -> Automated Decision Making (AUPB & UU AP) | H16: =IF(OR(B16="", B16="No matching cassation records found"), "", VLOOKUP(B16, Master_Knowledge_Objects!B5:S25, 11, FALSE)) -> SK Penolakan Izin diterbitkan sepenuhnya oleh sistem tanpa verifikasi manusia (zero human review). | I16: =IF(OR(B16="", B16="No matching cassation records found"), "", VLOOKUP(B16, Master_Knowledge_Objects!B5:S25, 12, FALSE)) -> Pelanggaran asas kecermatan dan motivasi karena ketiadaan penjelasan rasional keputusan (explainability). | J16: =IF(OR(B16="", B16="No matching cassation records found"), "", VLOOKUP(B16, Master_Knowledge_Objects!B5:S25, 13, FALSE)) -> Parameter bobot teknis algoritma internal kementerian pengembang. | K16: =IF(OR(B16="", B16="No matching cassation records found"), "", VLOOKUP(B16, Master_Knowledge_Objects!B5:S25, 15, FALSE)) -> Non-Binding Triage | L16: =IF(OR(B16="", B16="No matching cassation records found"), "", VLOOKUP(B16, Master_Knowledge_Objects!B5:S25, 17, FALSE)) -> Cecep Mustafa | M16: =IF(OR(B16="", B16="No matching cassation records found"), "", VLOOKUP(B16, Master_Knowledge_Objects!B5:S25, 16, FALSE)) -> NEEDS REVIEW | N16: =IF(OR(B16="", B16="No matching cassation records found"), "", IF(M16="PASS", "APPROVED FOR DOCKET", "AUDIT / REVIEW REQUIRED")) -> AUDIT / REVIEW REQUIRED
C17: =IF(OR(B17="", B17="No matching cassation records found"), "", VLOOKUP(B17, Master_Knowledge_Objects!B5:S25, 4, FALSE)) | D17: =IF(OR(B17="", B17="No matching cassation records found"), "", VLOOKUP(B17, Master_Knowledge_Objects!B5:S25, 9, FALSE)) | E17: =IF(OR(B17="", B17="No matching cassation records found"), "", VLOOKUP(B17, Master_Knowledge_Objects!B5:S25, 2, FALSE)) | F17: =IF(OR(B17="", B17="No matching cassation records found"), "", IF(B17="IJC-CAS-003", "QUESTION OF LAW", IF(B17="IJC-CAS-007", "MIXED / UNCLEAR", "QUESTION OF LAW"))) | G17: =IF(OR(B17="", B17="No matching cassation records found"), "", VLOOKUP(B17, Master_Knowledge_Objects!B5:S25, 6, FALSE)) | H17: =IF(OR(B17="", B17="No matching cassation records found"), "", VLOOKUP(B17, Master_Knowledge_Objects!B5:S25, 11, FALSE)) | I17: =IF(OR(B17="", B17="No matching cassation records found"), "", VLOOKUP(B17, Master_Knowledge_Objects!B5:S25, 12, FALSE)) | J17: =IF(OR(B17="", B17="No matching cassation records found"), "", VLOOKUP(B17, Master_Knowledge_Objects!B5:S25, 13, FALSE)) | K17: =IF(OR(B17="", B17="No matching cassation records found"), "", VLOOKUP(B17, Master_Knowledge_Objects!B5:S25, 15, FALSE)) | L17: =IF(OR(B17="", B17="No matching cassation records found"), "", VLOOKUP(B17, Master_Knowledge_Objects!B5:S25, 17, FALSE)) | M17: =IF(OR(B17="", B17="No matching cassation records found"), "", VLOOKUP(B17, Master_Knowledge_Objects!B5:S25, 16, FALSE)) | N17: =IF(OR(B17="", B17="No matching cassation records found"), "", IF(M17="PASS", "APPROVED FOR DOCKET", "AUDIT / REVIEW REQUIRED"))
C18: =IF(OR(B18="", B18="No matching cassation records found"), "", VLOOKUP(B18, Master_Knowledge_Objects!B5:S25, 4, FALSE)) | D18: =IF(OR(B18="", B18="No matching cassation records found"), "", VLOOKUP(B18, Master_Knowledge_Objects!B5:S25, 9, FALSE)) | E18: =IF(OR(B18="", B18="No matching cassation records found"), "", VLOOKUP(B18, Master_Knowledge_Objects!B5:S25, 2, FALSE)) | F18: =IF(OR(B18="", B18="No matching cassation records found"), "", IF(B18="IJC-CAS-003", "QUESTION OF LAW", IF(B18="IJC-CAS-007", "MIXED / UNCLEAR", "QUESTION OF LAW"))) | G18: =IF(OR(B18="", B18="No matching cassation records found"), "", VLOOKUP(B18, Master_Knowledge_Objects!B5:S25, 6, FALSE)) | H18: =IF(OR(B18="", B18="No matching cassation records found"), "", VLOOKUP(B18, Master_Knowledge_Objects!B5:S25, 11, FALSE)) | I18: =IF(OR(B18="", B18="No matching cassation records found"), "", VLOOKUP(B18, Master_Knowledge_Objects!B5:S25, 12, FALSE)) | J18: =IF(OR(B18="", B18="No matching cassation records found"), "", VLOOKUP(B18, Master_Knowledge_Objects!B5:S25, 13, FALSE)) | K18: =IF(OR(B18="", B18="No matching cassation records found"), "", VLOOKUP(B18, Master_Knowledge_Objects!B5:S25, 15, FALSE)) | L18: =IF(OR(B18="", B18="No matching cassation records found"), "", VLOOKUP(B18, Master_Knowledge_Objects!B5:S25, 17, FALSE)) | M18: =IF(OR(B18="", B18="No matching cassation records found"), "", VLOOKUP(B18, Master_Knowledge_Objects!B5:S25, 16, FALSE)) | N18: =IF(OR(B18="", B18="No matching cassation records found"), "", IF(M18="PASS", "APPROVED FOR DOCKET", "AUDIT / REVIEW REQUIRED"))
C19: =IF(OR(B19="", B19="No matching cassation records found"), "", VLOOKUP(B19, Master_Knowledge_Objects!B5:S25, 4, FALSE)) | D19: =IF(OR(B19="", B19="No matching cassation records found"), "", VLOOKUP(B19, Master_Knowledge_Objects!B5:S25, 9, FALSE)) | E19: =IF(OR(B19="", B19="No matching cassation records found"), "", VLOOKUP(B19, Master_Knowledge_Objects!B5:S25, 2, FALSE)) | F19: =IF(OR(B19="", B19="No matching cassation records found"), "", IF(B19="IJC-CAS-003", "QUESTION OF LAW", IF(B19="IJC-CAS-007", "MIXED / UNCLEAR", "QUESTION OF LAW"))) | G19: =IF(OR(B19="", B19="No matching cassation records found"), "", VLOOKUP(B19, Master_Knowledge_Objects!B5:S25, 6, FALSE)) | H19: =IF(OR(B19="", B19="No matching cassation records found"), "", VLOOKUP(B19, Master_Knowledge_Objects!B5:S25, 11, FALSE)) | I19: =IF(OR(B19="", B19="No matching cassation records found"), "", VLOOKUP(B19, Master_Knowledge_Objects!B5:S25, 12, FALSE)) | J19: =IF(OR(B19="", B19="No matching cassation records found"), "", VLOOKUP(B19, Master_Knowledge_Objects!B5:S25, 13, FALSE)) | K19: =IF(OR(B19="", B19="No matching cassation records found"), "", VLOOKUP(B19, Master_Knowledge_Objects!B5:S25, 15, FALSE)) | L19: =IF(OR(B19="", B19="No matching cassation records found"), "", VLOOKUP(B19, Master_Knowledge_Objects!B5:S25, 17, FALSE)) | M19: =IF(OR(B19="", B19="No matching cassation records found"), "", VLOOKUP(B19, Master_Knowledge_Objects!B5:S25, 16, FALSE)) | N19: =IF(OR(B19="", B19="No matching cassation records found"), "", IF(M19="PASS", "APPROVED FOR DOCKET", "AUDIT / REVIEW REQUIRED"))
C20: =IF(OR(B20="", B20="No matching cassation records found"), "", VLOOKUP(B20, Master_Knowledge_Objects!B5:S25, 4, FALSE)) | D20: =IF(OR(B20="", B20="No matching cassation records found"), "", VLOOKUP(B20, Master_Knowledge_Objects!B5:S25, 9, FALSE)) | E20: =IF(OR(B20="", B20="No matching cassation records found"), "", VLOOKUP(B20, Master_Knowledge_Objects!B5:S25, 2, FALSE)) | F20: =IF(OR(B20="", B20="No matching cassation records found"), "", IF(B20="IJC-CAS-003", "QUESTION OF LAW", IF(B20="IJC-CAS-007", "MIXED / UNCLEAR", "QUESTION OF LAW"))) | G20: =IF(OR(B20="", B20="No matching cassation records found"), "", VLOOKUP(B20, Master_Knowledge_Objects!B5:S25, 6, FALSE)) | H20: =IF(OR(B20="", B20="No matching cassation records found"), "", VLOOKUP(B20, Master_Knowledge_Objects!B5:S25, 11, FALSE)) | I20: =IF(OR(B20="", B20="No matching cassation records found"), "", VLOOKUP(B20, Master_Knowledge_Objects!B5:S25, 12, FALSE)) | J20: =IF(OR(B20="", B20="No matching cassation records found"), "", VLOOKUP(B20, Master_Knowledge_Objects!B5:S25, 13, FALSE)) | K20: =IF(OR(B20="", B20="No matching cassation records found"), "", VLOOKUP(B20, Master_Knowledge_Objects!B5:S25, 15, FALSE)) | L20: =IF(OR(B20="", B20="No matching cassation records found"), "", VLOOKUP(B20, Master_Knowledge_Objects!B5:S25, 17, FALSE)) | M20: =IF(OR(B20="", B20="No matching cassation records found"), "", VLOOKUP(B20, Master_Knowledge_Objects!B5:S25, 16, FALSE)) | N20: =IF(OR(B20="", B20="No matching cassation records found"), "", IF(M20="PASS", "APPROVED FOR DOCKET", "AUDIT / REVIEW REQUIRED"))
C21: =IF(OR(B21="", B21="No matching cassation records found"), "", VLOOKUP(B21, Master_Knowledge_Objects!B5:S25, 4, FALSE)) | D21: =IF(OR(B21="", B21="No matching cassation records found"), "", VLOOKUP(B21, Master_Knowledge_Objects!B5:S25, 9, FALSE)) | E21: =IF(OR(B21="", B21="No matching cassation records found"), "", VLOOKUP(B21, Master_Knowledge_Objects!B5:S25, 2, FALSE)) | F21: =IF(OR(B21="", B21="No matching cassation records found"), "", IF(B21="IJC-CAS-003", "QUESTION OF LAW", IF(B21="IJC-CAS-007", "MIXED / UNCLEAR", "QUESTION OF LAW"))) | G21: =IF(OR(B21="", B21="No matching cassation records found"), "", VLOOKUP(B21, Master_Knowledge_Objects!B5:S25, 6, FALSE)) | H21: =IF(OR(B21="", B21="No matching cassation records found"), "", VLOOKUP(B21, Master_Knowledge_Objects!B5:S25, 11, FALSE)) | I21: =IF(OR(B21="", B21="No matching cassation records found"), "", VLOOKUP(B21, Master_Knowledge_Objects!B5:S25, 12, FALSE)) | J21: =IF(OR(B21="", B21="No matching cassation records found"), "", VLOOKUP(B21, Master_Knowledge_Objects!B5:S25, 13, FALSE)) | K21: =IF(OR(B21="", B21="No matching cassation records found"), "", VLOOKUP(B21, Master_Knowledge_Objects!B5:S25, 15, FALSE)) | L21: =IF(OR(B21="", B21="No matching cassation records found"), "", VLOOKUP(B21, Master_Knowledge_Objects!B5:S25, 17, FALSE)) | M21: =IF(OR(B21="", B21="No matching cassation records found"), "", VLOOKUP(B21, Master_Knowledge_Objects!B5:S25, 16, FALSE)) | N21: =IF(OR(B21="", B21="No matching cassation records found"), "", IF(M21="PASS", "APPROVED FOR DOCKET", "AUDIT / REVIEW REQUIRED"))
C22: =IF(OR(B22="", B22="No matching cassation records found"), "", VLOOKUP(B22, Master_Knowledge_Objects!B5:S25, 4, FALSE)) | D22: =IF(OR(B22="", B22="No matching cassation records found"), "", VLOOKUP(B22, Master_Knowledge_Objects!B5:S25, 9, FALSE)) | E22: =IF(OR(B22="", B22="No matching cassation records found"), "", VLOOKUP(B22, Master_Knowledge_Objects!B5:S25, 2, FALSE)) | F22: =IF(OR(B22="", B22="No matching cassation records found"), "", IF(B22="IJC-CAS-003", "QUESTION OF LAW", IF(B22="IJC-CAS-007", "MIXED / UNCLEAR", "QUESTION OF LAW"))) | G22: =IF(OR(B22="", B22="No matching cassation records found"), "", VLOOKUP(B22, Master_Knowledge_Objects!B5:S25, 6, FALSE)) | H22: =IF(OR(B22="", B22="No matching cassation records found"), "", VLOOKUP(B22, Master_Knowledge_Objects!B5:S25, 11, FALSE)) | I22: =IF(OR(B22="", B22="No matching cassation records found"), "", VLOOKUP(B22, Master_Knowledge_Objects!B5:S25, 12, FALSE)) | J22: =IF(OR(B22="", B22="No matching cassation records found"), "", VLOOKUP(B22, Master_Knowledge_Objects!B5:S25, 13, FALSE)) | K22: =IF(OR(B22="", B22="No matching cassation records found"), "", VLOOKUP(B22, Master_Knowledge_Objects!B5:S25, 15, FALSE)) | L22: =IF(OR(B22="", B22="No matching cassation records found"), "", VLOOKUP(B22, Master_Knowledge_Objects!B5:S25, 17, FALSE)) | M22: =IF(OR(B22="", B22="No matching cassation records found"), "", VLOOKUP(B22, Master_Knowledge_Objects!B5:S25, 16, FALSE)) | N22: =IF(OR(B22="", B22="No matching cassation records found"), "", IF(M22="PASS", "APPROVED FOR DOCKET", "AUDIT / REVIEW REQUIRED"))
B24: ="📋 INDIVIDUAL CASSATION TRIAGE DOSSIER (DEEP EXAMINATION) — " & F6 & " : " & VLOOKUP(F6, Master_Knowledge_Objects!B5:S25, 2, FALSE) -> 📋 INDIVIDUAL CASSATION TRIAGE DOSSIER (DEEP EXAMINATION) — IJC-CAS-003 : Pemilahan Kasasi: Keabsahan Akuisisi Bukti Elektronik vs Penilaian Fakta
B25: CASE / FILE REFERENCE | E25: PRIMARY ENTITY & STATUTORY BASIS | I25: JURISDICTION & CHAMBER | L25: GATE STATUS & REVIEWER
B26: =VLOOKUP(F6, Master_Knowledge_Objects!B5:S25, 9, FALSE) -> Berkas Kasasi No. 89 K/Pid.Sus/2026 | E26: =VLOOKUP(F6, Master_Knowledge_Objects!B5:S25, 6, FALSE) & " (" & VLOOKUP(F6, Master_Knowledge_Objects!B5:S25, 5, FALSE) & ")" -> Electronic Evidence Admissibility (UU ITE & KUHAP 2025) (Pidana Khusus / Hukum Acara) | I26: =VLOOKUP(F6, Master_Knowledge_Objects!B5:S25, 8, FALSE) & " • " & VLOOKUP(F6, Master_Knowledge_Objects!B5:S25, 4, FALSE) -> MA RI - Kamar Pidana • PIDANA | L26: =VLOOKUP(F6, Master_Knowledge_Objects!B5:S25, 16, FALSE) & " • " & VLOOKUP(F6, Master_Knowledge_Objects!B5:S25, 17, FALSE) -> NEEDS REVIEW • Cecep Mustafa
B27: EPISTEMIC BOUNDARY & TRIAGE PROOF MATRIX (IJC v5.0 §4, §9 & §13)
B28: ⚖️ ESTABLISHED FACTS (JUDEX FACTI PROVEN) | F28: 💡 SUPPORTED LEGAL INFERENCES (JUDEX JURIS) | J28: 🚫 UNKNOWN / EVIDENTIARY LIMITATIONS (GAPS)
B29: =VLOOKUP(F6, Master_Knowledge_Objects!B5:S25, 11, FALSE) -> Ekstraksi log diperoleh tanpa berita acara penyitaan dan tanpa izin penggeledahan. | F29: =VLOOKUP(F6, Master_Knowledge_Objects!B5:S25, 12, FALSE) -> Potensi pelanggaran due process of law dalam akuisisi bukti digital. | J29: =VLOOKUP(F6, Master_Knowledge_Objects!B5:S25, 13, FALSE) -> Apakah pelanggaran akuisisi membatalkan seluruh konstruksi dakwaan penipuan.
B31: QUESTION OF LAW / FACT TRIAGE | F31: SOURCE-DERIVED DEFINITION / RATIO | J31: MODE 3 DECISION SUPPORT DIRECTIVE
B32: =IF(F6="IJC-CAS-003", "QUESTION OF LAW (Judex Juris) • Unlawfully Obtained Electronic Evidence (Pasal 235 & 242 KUHAP Baru)", IF(F6="IJC-CAS-007", "MIXED / UNCLEAR • AI Expert Qualifications vs Weight of Evidence", IF(F6="IJC-CAS-009", "QUESTION OF LAW (Judex Juris) • Commercial Insolvency Threshold (Ps 8 ayat 4)", "QUESTION OF LAW (Judex Juris) • Algorithmic Administrative Decision Legality"))) -> QUESTION OF LAW (Judex Juris) • Unlawfully Obtained Electronic Evidence (Pasal 235 & 242 KUHAP Baru) | F32: =VLOOKUP(F6, Master_Knowledge_Objects!B5:S25, 10, FALSE) -> Pengujian hukum Pasal 5-6 UU ITE & Pasal 235-242 KUHAP baru: pembedaan syarat keabsahan bukti elektronik dari fakta. | J32: ="⚠️ NON-BINDING TRIAGE: Decision Support Only • No outcome prediction • Human judge retains sole adjudicative authority (IJC v5.0 §13). Gatekeeper: " & VLOOKUP(F6, Master_Knowledge_Objects!B5:S25, 17, FALSE) -> ⚠️ NON-BINDING TRIAGE: Decision Support Only • No outcome prediction • Human judge retains sole adjudicative authority (IJC v5.0 §13). Gatekeeper: Cecep Mustafa
B34: ="🔗 Universal Knowledge Pipeline: SOURCE → EVIDENCE → CLAIM → KNOWLEDGE OBJECT → RELATIONSHIP → GEO ANSWER → HUMAN VERIFICATION (IJC KO v5.0 §3) • Gatekeeper: " & VLOOKUP(F6, Master_Knowledge_Objects!B5:S25, 17, FALSE) & " • Status: " & VLOOKUP(F6, Master_Knowledge_Objects!B5:S25, 16, FALSE) -> 🔗 Universal Knowledge Pipeline: SOURCE → EVIDENCE → CLAIM → KNOWLEDGE OBJECT → RELATIONSHIP → GEO ANSWER → HUMAN VERIFICATION (IJC KO v5.0 §3) • Gatekeeper: Cecep Mustafa • Status: NEEDS REVIEW

Sheet Sheet3
F14: Secret Name | G14: Keterangan & Penggunaan
F15: `GOOGLE_SHEETS_ID` | G15: `1kbYvAa_GZ-c0TZjxDeFyP90K4LqZmqKitUbdFH3p8NM`
F16: `GCP_SA_KEY` | G16: Kredensial JSON Google Service Account untuk membaca Google Sheets.
F17: `MEDIAWIKI_URL` | G17: URL basis Miraheze Wiki (misal `https://ijc.miraheze.org/w/api.php`).
F18: `MEDIAWIKI_USER` & `MEDIAWIKI_PASSWORD` | G18: Kredensial Bot MediaWiki (`BotPassword`).
F19: `KAGGLE_USERNAME` & `KAGGLE_KEY` | G19: Token API Kaggle untuk sinkronisasi dataset (`kaggle datasets version -p dist/kaggle`).
F20: `ORCID_CLIENT_ID` & `ORCID_CLIENT_SECRET` | G20: Kredensial Member/Public API ORCID untuk verifikasi karya grapher.
